{"cameraMode":{"drawMode":0,"name":"Shaded","section":"Shading Mode"},"sceneLighting":false,"audioPlay":false,"sceneViewState":{"m_AlwaysRefresh":false,"showFog":true,"showSkybox":false,"showFlares":true,"showImageEffects":true,"showParticleSystems":true,"showVisualEffectGraphs":true,"m_FxEnabled":false},"in2DMode":false,"pivot":{"x":0.48021024465560915,"y":-0.11643099784851074,"z":-1.0820965766906739},"rotation":{"x":0.010031063109636307,"y":-0.9849677085876465,"z":0.16128742694854737,"w":0.06125105917453766},"size":2.750605821609497,"orthographic":false}